Titulo,URL_Original,Arquivo_MD
2015/2016,https://wiki.foz.ifpr.edu.br/wiki/index.php/2015/2016,pages\2015-2016.md
2016,https://wiki.foz.ifpr.edu.br/wiki/index.php/2016,pages\2016.md
2016.2,https://wiki.foz.ifpr.edu.br/wiki/index.php/2016.2,pages\2016.2.md
2017.1,https://wiki.foz.ifpr.edu.br/wiki/index.php/2017.1,pages\2017.1.md
2017.2,https://wiki.foz.ifpr.edu.br/wiki/index.php/2017.2,pages\2017.2.md
2018.1,https://wiki.foz.ifpr.edu.br/wiki/index.php/2018.1,pages\2018.1.md
31_de_Julho_de_2017,https://wiki.foz.ifpr.edu.br/wiki/index.php/31_de_Julho_de_2017,pages\31_de_Julho_de_2017.md
6LowPAN,https://wiki.foz.ifpr.edu.br/wiki/index.php/6LowPAN,pages\6LowPAN.md
=Portfólio:_caveira,https://wiki.foz.ifpr.edu.br/wiki/index.php/%3DPortf%C3%B3lio:_caveira,pages\=Portfólio-_caveira.md
ATUALIZOU???,https://wiki.foz.ifpr.edu.br/wiki/index.php/ATUALIZOU%3F%3F%3F,pages\ATUALIZOU-.md
A_BUSCA_DO_EMBLEMA,https://wiki.foz.ifpr.edu.br/wiki/index.php/A_BUSCA_DO_EMBLEMA,pages\A_BUSCA_DO_EMBLEMA.md
Administracao_de_Usuarios_e_Grupos,https://wiki.foz.ifpr.edu.br/wiki/index.php/Administracao_de_Usuarios_e_Grupos,pages\Administracao_de_Usuarios_e_Grupos.md
Administração_de_Servidores,https://wiki.foz.ifpr.edu.br/wiki/index.php/Administra%C3%A7%C3%A3o_de_Servidores,pages\Administração_de_Servidores.md
Agendamento_de_Tarefas,https://wiki.foz.ifpr.edu.br/wiki/index.php/Agendamento_de_Tarefas,pages\Agendamento_de_Tarefas.md
Algoritmos_e_Linguagem_de_Programação,https://wiki.foz.ifpr.edu.br/wiki/index.php/Algoritmos_e_Linguagem_de_Programa%C3%A7%C3%A3o,pages\Algoritmos_e_Linguagem_de_Programação.md
Algoritmos_e_Linguagem_de_Programação_2017,https://wiki.foz.ifpr.edu.br/wiki/index.php/Algoritmos_e_Linguagem_de_Programa%C3%A7%C3%A3o_2017,pages\Algoritmos_e_Linguagem_de_Programação_2017.md
Alimentador_Automático_para_Gatos,https://wiki.foz.ifpr.edu.br/wiki/index.php/Alimentador_Autom%C3%A1tico_para_Gatos,pages\Alimentador_Automático_para_Gatos.md
Alocando_Variáveis_Dinâmicas,https://wiki.foz.ifpr.edu.br/wiki/index.php/Alocando_Vari%C3%A1veis_Din%C3%A2micas,pages\Alocando_Variáveis_Dinâmicas.md
Amplificadores_Operacionais,https://wiki.foz.ifpr.edu.br/wiki/index.php/Amplificadores_Operacionais,pages\Amplificadores_Operacionais.md
Aplicacao_Web,https://wiki.foz.ifpr.edu.br/wiki/index.php/Aplicacao_Web,pages\Aplicacao_Web.md
Aplicativos_de_Rede,https://wiki.foz.ifpr.edu.br/wiki/index.php/Aplicativos_de_Rede,pages\Aplicativos_de_Rede.md
Aplicação_Web,https://wiki.foz.ifpr.edu.br/wiki/index.php/Aplica%C3%A7%C3%A3o_Web,pages\Aplicação_Web.md
App_Inventor,https://wiki.foz.ifpr.edu.br/wiki/index.php/App_Inventor,pages\App_Inventor.md
App_Inventor:_Introducao,https://wiki.foz.ifpr.edu.br/wiki/index.php/App_Inventor:_Introducao,pages\App_Inventor-_Introducao.md
App_Inventor:_Resolvendo_Equacoes,https://wiki.foz.ifpr.edu.br/wiki/index.php/App_Inventor:_Resolvendo_Equacoes,pages\App_Inventor-_Resolvendo_Equacoes.md
App_Inventor:_Simulando_um_plano_inclinado,https://wiki.foz.ifpr.edu.br/wiki/index.php/App_Inventor:_Simulando_um_plano_inclinado,pages\App_Inventor-_Simulando_um_plano_inclinado.md
Append,https://wiki.foz.ifpr.edu.br/wiki/index.php/Append,pages\Append.md
Aprendendo_e_Ensinando_Astronomia_na_Escola,https://wiki.foz.ifpr.edu.br/wiki/index.php/Aprendendo_e_Ensinando_Astronomia_na_Escola,pages\Aprendendo_e_Ensinando_Astronomia_na_Escola.md
Aprendizagem_e_Ensino_de_Ciências,https://wiki.foz.ifpr.edu.br/wiki/index.php/Aprendizagem_e_Ensino_de_Ci%C3%AAncias,pages\Aprendizagem_e_Ensino_de_Ciências.md
Aprendizagem_e_Ensino_de_Ciências:_Semestre_2015-1,https://wiki.foz.ifpr.edu.br/wiki/index.php/Aprendizagem_e_Ensino_de_Ci%C3%AAncias:_Semestre_2015-1,pages\Aprendizagem_e_Ensino_de_Ciências-_Semestre_2015-1.md
Aprendizagem_e_Ensino_de_Ciências:_Semestre_2017-1,https://wiki.foz.ifpr.edu.br/wiki/index.php/Aprendizagem_e_Ensino_de_Ci%C3%AAncias:_Semestre_2017-1,pages\Aprendizagem_e_Ensino_de_Ciências-_Semestre_2017-1.md
Aprendizagem_e_Ensino_de_Ciências:_Semestre_2018-1,https://wiki.foz.ifpr.edu.br/wiki/index.php/Aprendizagem_e_Ensino_de_Ci%C3%AAncias:_Semestre_2018-1,pages\Aprendizagem_e_Ensino_de_Ciências-_Semestre_2018-1.md
Apresentacao_sobre_Internet_das_Coisas,https://wiki.foz.ifpr.edu.br/wiki/index.php/Apresentacao_sobre_Internet_das_Coisas,pages\Apresentacao_sobre_Internet_das_Coisas.md
Arduino,https://wiki.foz.ifpr.edu.br/wiki/index.php/Arduino,pages\Arduino.md
Arduino:_Acionamento_de_Cargas_e_Motores,https://wiki.foz.ifpr.edu.br/wiki/index.php/Arduino:_Acionamento_de_Cargas_e_Motores,pages\Arduino-_Acionamento_de_Cargas_e_Motores.md
Arduino:_Comunicacao_Serial_e_Bluetooth,https://wiki.foz.ifpr.edu.br/wiki/index.php/Arduino:_Comunicacao_Serial_e_Bluetooth,pages\Arduino-_Comunicacao_Serial_e_Bluetooth.md
Arduino:_Conversao_de_PWM_em_Tensao_Eletrica,https://wiki.foz.ifpr.edu.br/wiki/index.php/Arduino:_Conversao_de_PWM_em_Tensao_Eletrica,pages\Arduino-_Conversao_de_PWM_em_Tensao_Eletrica.md
Arduino:_Entradas_e_Saidas,https://wiki.foz.ifpr.edu.br/wiki/index.php/Arduino:_Entradas_e_Saidas,pages\Arduino-_Entradas_e_Saidas.md
Arduino:_Ethernet,https://wiki.foz.ifpr.edu.br/wiki/index.php/Arduino:_Ethernet,pages\Arduino-_Ethernet.md
Arduino:_MQTT,https://wiki.foz.ifpr.edu.br/wiki/index.php/Arduino:_MQTT,pages\Arduino-_MQTT.md
Arduino:_Sensores,https://wiki.foz.ifpr.edu.br/wiki/index.php/Arduino:_Sensores,pages\Arduino-_Sensores.md
Arduino:_Temporizadores_e_Interrupcoes,https://wiki.foz.ifpr.edu.br/wiki/index.php/Arduino:_Temporizadores_e_Interrupcoes,pages\Arduino-_Temporizadores_e_Interrupcoes.md
Arduino:_Wireless_Shield_Xbee,https://wiki.foz.ifpr.edu.br/wiki/index.php/Arduino:_Wireless_Shield_Xbee,pages\Arduino-_Wireless_Shield_Xbee.md
Argamassa_de_assentamento,https://wiki.foz.ifpr.edu.br/wiki/index.php/Argamassa_de_assentamento,pages\Argamassa_de_assentamento.md
Argamassas,https://wiki.foz.ifpr.edu.br/wiki/index.php/Argamassas,pages\Argamassas.md
Aritmetica_Binaria,https://wiki.foz.ifpr.edu.br/wiki/index.php/Aritmetica_Binaria,pages\Aritmetica_Binaria.md
Arquitetura_Internet,https://wiki.foz.ifpr.edu.br/wiki/index.php/Arquitetura_Internet,pages\Arquitetura_Internet.md
Arquivo_em_Sql,https://wiki.foz.ifpr.edu.br/wiki/index.php/Arquivo_em_Sql,pages\Arquivo_em_Sql.md
Artes,https://wiki.foz.ifpr.edu.br/wiki/index.php/Artes,pages\Artes.md
Artigo,https://wiki.foz.ifpr.edu.br/wiki/index.php/Artigo,pages\Artigo.md
Artigos_sobre_Internet_das_Coisas,https://wiki.foz.ifpr.edu.br/wiki/index.php/Artigos_sobre_Internet_das_Coisas,pages\Artigos_sobre_Internet_das_Coisas.md
Artigos_sobre_Internet_das_Coisas_e_Padronização,https://wiki.foz.ifpr.edu.br/wiki/index.php/Artigos_sobre_Internet_das_Coisas_e_Padroniza%C3%A7%C3%A3o,pages\Artigos_sobre_Internet_das_Coisas_e_Padronização.md
Astronomia,https://wiki.foz.ifpr.edu.br/wiki/index.php/Astronomia,pages\Astronomia.md
Atividades_da_Licenciatura_em_Física,https://wiki.foz.ifpr.edu.br/wiki/index.php/Atividades_da_Licenciatura_em_F%C3%ADsica,pages\Atividades_da_Licenciatura_em_Física.md
Automação_Residencial_2014,https://wiki.foz.ifpr.edu.br/wiki/index.php/Automa%C3%A7%C3%A3o_Residencial_2014,pages\Automação_Residencial_2014.md
Automação_Residencial_Inclusiva,https://wiki.foz.ifpr.edu.br/wiki/index.php/Automa%C3%A7%C3%A3o_Residencial_Inclusiva,pages\Automação_Residencial_Inclusiva.md
Automação_de_semáforo_com_Scratch_e_Arduíno,https://wiki.foz.ifpr.edu.br/wiki/index.php/Automa%C3%A7%C3%A3o_de_sem%C3%A1foro_com_Scratch_e_Ardu%C3%ADno,pages\Automação_de_semáforo_com_Scratch_e_Arduíno.md
Automação_residencial_com_Arduíno,https://wiki.foz.ifpr.edu.br/wiki/index.php/Automa%C3%A7%C3%A3o_residencial_com_Ardu%C3%ADno,pages\Automação_residencial_com_Arduíno.md
"Avaliação:_Caracteres,_strings_e_vetores","https://wiki.foz.ifpr.edu.br/wiki/index.php/Avalia%C3%A7%C3%A3o:_Caracteres,_strings_e_vetores","pages\Avaliação-_Caracteres,_strings_e_vetores.md"
Avaliação:_Circuitos_Lógicos,https://wiki.foz.ifpr.edu.br/wiki/index.php/Avalia%C3%A7%C3%A3o:_Circuitos_L%C3%B3gicos,pages\Avaliação-_Circuitos_Lógicos.md
"Avaliação:_Ponteiros,_estruturas,_pesquisa_e_ordenação_de_vetores,_pilhas_e_filas","https://wiki.foz.ifpr.edu.br/wiki/index.php/Avalia%C3%A7%C3%A3o:_Ponteiros,_estruturas,_pesquisa_e_ordena%C3%A7%C3%A3o_de_vetores,_pilhas_e_filas","pages\Avaliação-_Ponteiros,_estruturas,_pesquisa_e_ordenação_de_vetores,_pilhas_e_filas.md"
Ações_de_Controle_PID_sobre_o_Seguidor_de_Linha,https://wiki.foz.ifpr.edu.br/wiki/index.php/A%C3%A7%C3%B5es_de_Controle_PID_sobre_o_Seguidor_de_Linha,pages\Ações_de_Controle_PID_sobre_o_Seguidor_de_Linha.md
Banco_de_Dados,https://wiki.foz.ifpr.edu.br/wiki/index.php/Banco_de_Dados,pages\Banco_de_Dados.md
Biologia,https://wiki.foz.ifpr.edu.br/wiki/index.php/Biologia,pages\Biologia.md
Bits_e_Bytes,https://wiki.foz.ifpr.edu.br/wiki/index.php/Bits_e_Bytes,pages\Bits_e_Bytes.md
CIDR,https://wiki.foz.ifpr.edu.br/wiki/index.php/CIDR,pages\CIDR.md
CMapTools,https://wiki.foz.ifpr.edu.br/wiki/index.php/CMapTools,pages\CMapTools.md
CSS,https://wiki.foz.ifpr.edu.br/wiki/index.php/CSS,pages\CSS.md
Calculadora_no_Javascript,https://wiki.foz.ifpr.edu.br/wiki/index.php/Calculadora_no_Javascript,pages\Calculadora_no_Javascript.md
Camada_de_Enlace,https://wiki.foz.ifpr.edu.br/wiki/index.php/Camada_de_Enlace,pages\Camada_de_Enlace.md
Camada_de_Rede,https://wiki.foz.ifpr.edu.br/wiki/index.php/Camada_de_Rede,pages\Camada_de_Rede.md
Camada_de_Transporte,https://wiki.foz.ifpr.edu.br/wiki/index.php/Camada_de_Transporte,pages\Camada_de_Transporte.md
Campus_de_Foz_do_Iguaçu,https://wiki.foz.ifpr.edu.br/wiki/index.php/Campus_de_Foz_do_Igua%C3%A7u,pages\Campus_de_Foz_do_Iguaçu.md
Capacitores,https://wiki.foz.ifpr.edu.br/wiki/index.php/Capacitores,pages\Capacitores.md
Caracteres_e_String_em_C,https://wiki.foz.ifpr.edu.br/wiki/index.php/Caracteres_e_String_em_C,pages\Caracteres_e_String_em_C.md
Cayenne,https://wiki.foz.ifpr.edu.br/wiki/index.php/Cayenne,pages\Cayenne.md
Checksum,https://wiki.foz.ifpr.edu.br/wiki/index.php/Checksum,pages\Checksum.md
Circuitos_Aritmeticos,https://wiki.foz.ifpr.edu.br/wiki/index.php/Circuitos_Aritmeticos,pages\Circuitos_Aritmeticos.md
Circuitos_Sequenciais,https://wiki.foz.ifpr.edu.br/wiki/index.php/Circuitos_Sequenciais,pages\Circuitos_Sequenciais.md
"Ciência,_Tecnologia_e_Sociedade","https://wiki.foz.ifpr.edu.br/wiki/index.php/Ci%C3%AAncia,_Tecnologia_e_Sociedade","pages\Ciência,_Tecnologia_e_Sociedade.md"
Classes_de_Enderecamento,https://wiki.foz.ifpr.edu.br/wiki/index.php/Classes_de_Enderecamento,pages\Classes_de_Enderecamento.md
Classes_de_Endereçamento,https://wiki.foz.ifpr.edu.br/wiki/index.php/Classes_de_Endere%C3%A7amento,pages\Classes_de_Endereçamento.md
Clique_aqui,https://wiki.foz.ifpr.edu.br/wiki/index.php/Clique_aqui,pages\Clique_aqui.md
Clock,https://wiki.foz.ifpr.edu.br/wiki/index.php/Clock,pages\Clock.md
CoAP,https://wiki.foz.ifpr.edu.br/wiki/index.php/CoAP,pages\CoAP.md
Codigos_Digitais,https://wiki.foz.ifpr.edu.br/wiki/index.php/Codigos_Digitais,pages\Codigos_Digitais.md
Comandos_Basicos_Linux,https://wiki.foz.ifpr.edu.br/wiki/index.php/Comandos_Basicos_Linux,pages\Comandos_Basicos_Linux.md
Componentes_Eletronicos,https://wiki.foz.ifpr.edu.br/wiki/index.php/Componentes_Eletronicos,pages\Componentes_Eletronicos.md
Computacao_em_Nuvem,https://wiki.foz.ifpr.edu.br/wiki/index.php/Computacao_em_Nuvem,pages\Computacao_em_Nuvem.md
Computador_Pessoal,https://wiki.foz.ifpr.edu.br/wiki/index.php/Computador_Pessoal,pages\Computador_Pessoal.md
Comunicação_serial_e_paralela,https://wiki.foz.ifpr.edu.br/wiki/index.php/Comunica%C3%A7%C3%A3o_serial_e_paralela,pages\Comunicação_serial_e_paralela.md
Comutação_de_pacotes_x_Comutação_de_circuitos,https://wiki.foz.ifpr.edu.br/wiki/index.php/Comuta%C3%A7%C3%A3o_de_pacotes_x_Comuta%C3%A7%C3%A3o_de_circuitos,pages\Comutação_de_pacotes_x_Comutação_de_circuitos.md
Comutação_de_pacotes_x_Comutação_de_mensagens,https://wiki.foz.ifpr.edu.br/wiki/index.php/Comuta%C3%A7%C3%A3o_de_pacotes_x_Comuta%C3%A7%C3%A3o_de_mensagens,pages\Comutação_de_pacotes_x_Comutação_de_mensagens.md
Conceitos_e_Laboratorios_sobre_Eletronica,https://wiki.foz.ifpr.edu.br/wiki/index.php/Conceitos_e_Laboratorios_sobre_Eletronica,pages\Conceitos_e_Laboratorios_sobre_Eletronica.md
Conceitos_sobre_Eletronica,https://wiki.foz.ifpr.edu.br/wiki/index.php/Conceitos_sobre_Eletronica,pages\Conceitos_sobre_Eletronica.md
Concepções_e_Práticas_Avaliativas_na_Educação_Profissional_e_Tecnológica_e_nas_Licenciaturas_no_IFPR,https://wiki.foz.ifpr.edu.br/wiki/index.php/Concep%C3%A7%C3%B5es_e_Pr%C3%A1ticas_Avaliativas_na_Educa%C3%A7%C3%A3o_Profissional_e_Tecnol%C3%B3gica_e_nas_Licenciaturas_no_IFPR,pages\Concepções_e_Práticas_Avaliativas_na_Educação_Profissional_e_Tecnológica_e_nas_Licenciaturas_no_IFPR.md
Conectividade_em_Rede,https://wiki.foz.ifpr.edu.br/wiki/index.php/Conectividade_em_Rede,pages\Conectividade_em_Rede.md
Configuração_de_servidor_para_compartilhar_conexão_com_a_Internet,https://wiki.foz.ifpr.edu.br/wiki/index.php/Configura%C3%A7%C3%A3o_de_servidor_para_compartilhar_conex%C3%A3o_com_a_Internet,pages\Configuração_de_servidor_para_compartilhar_conexão_com_a_Internet.md
Configuração_do_JavaFX_no_eclipse,https://wiki.foz.ifpr.edu.br/wiki/index.php/Configura%C3%A7%C3%A3o_do_JavaFX_no_eclipse,pages\Configuração_do_JavaFX_no_eclipse.md
Contadores,https://wiki.foz.ifpr.edu.br/wiki/index.php/Contadores,pages\Contadores.md
Contadores_Sincronos_e_Assincronos,https://wiki.foz.ifpr.edu.br/wiki/index.php/Contadores_Sincronos_e_Assincronos,pages\Contadores_Sincronos_e_Assincronos.md
Controle_de_Estoque,https://wiki.foz.ifpr.edu.br/wiki/index.php/Controle_de_Estoque,pages\Controle_de_Estoque.md
Conversao_Analogico_Digital,https://wiki.foz.ifpr.edu.br/wiki/index.php/Conversao_Analogico_Digital,pages\Conversao_Analogico_Digital.md
Conversao_Digital_Analogica,https://wiki.foz.ifpr.edu.br/wiki/index.php/Conversao_Digital_Analogica,pages\Conversao_Digital_Analogica.md
Copias_de_Seguranca,https://wiki.foz.ifpr.edu.br/wiki/index.php/Copias_de_Seguranca,pages\Copias_de_Seguranca.md
Copias_de_Segurança,https://wiki.foz.ifpr.edu.br/wiki/index.php/Copias_de_Seguran%C3%A7a,pages\Copias_de_Segurança.md
Correio_Eletrônico,https://wiki.foz.ifpr.edu.br/wiki/index.php/Correio_Eletr%C3%B4nico,pages\Correio_Eletrônico.md
Corrente_Continua_e_Corrente_Alternada,https://wiki.foz.ifpr.edu.br/wiki/index.php/Corrente_Continua_e_Corrente_Alternada,pages\Corrente_Continua_e_Corrente_Alternada.md
Corrente_Contínua_e_Corrente_Alternada,https://wiki.foz.ifpr.edu.br/wiki/index.php/Corrente_Cont%C3%ADnua_e_Corrente_Alternada,pages\Corrente_Contínua_e_Corrente_Alternada.md
Cotas_em_disco,https://wiki.foz.ifpr.edu.br/wiki/index.php/Cotas_em_disco,pages\Cotas_em_disco.md
Counter_Strike,https://wiki.foz.ifpr.edu.br/wiki/index.php/Counter_Strike,pages\Counter_Strike.md
Cronograma,https://wiki.foz.ifpr.edu.br/wiki/index.php/Cronograma,pages\Cronograma.md
Cronologia,https://wiki.foz.ifpr.edu.br/wiki/index.php/Cronologia,pages\Cronologia.md
Currículo_2014-2017,https://wiki.foz.ifpr.edu.br/wiki/index.php/Curr%C3%ADculo_2014-2017,pages\Currículo_2014-2017.md
Currículo_2018,https://wiki.foz.ifpr.edu.br/wiki/index.php/Curr%C3%ADculo_2018,pages\Currículo_2018.md
Currículo_dos_Cursos_Técnicos_Integrados_ao_Ensino_Médio,https://wiki.foz.ifpr.edu.br/wiki/index.php/Curr%C3%ADculo_dos_Cursos_T%C3%A9cnicos_Integrados_ao_Ensino_M%C3%A9dio,pages\Currículo_dos_Cursos_Técnicos_Integrados_ao_Ensino_Médio.md
Curso_Superior_de_Tecnologia_em_Análise_e_Desenvolvimento_de_Sistemas,https://wiki.foz.ifpr.edu.br/wiki/index.php/Curso_Superior_de_Tecnologia_em_An%C3%A1lise_e_Desenvolvimento_de_Sistemas,pages\Curso_Superior_de_Tecnologia_em_Análise_e_Desenvolvimento_de_Sistemas.md
Cursos,https://wiki.foz.ifpr.edu.br/wiki/index.php/Cursos,pages\Cursos.md
Cálculo_Diferencial_e_Integral_I,https://wiki.foz.ifpr.edu.br/wiki/index.php/C%C3%A1lculo_Diferencial_e_Integral_I,pages\Cálculo_Diferencial_e_Integral_I.md
Cálculo_Diferencial_e_Integral_II,https://wiki.foz.ifpr.edu.br/wiki/index.php/C%C3%A1lculo_Diferencial_e_Integral_II,pages\Cálculo_Diferencial_e_Integral_II.md
Cálculo_Diferencial_e_Integral_III,https://wiki.foz.ifpr.edu.br/wiki/index.php/C%C3%A1lculo_Diferencial_e_Integral_III,pages\Cálculo_Diferencial_e_Integral_III.md
Códigos_Digitais,https://wiki.foz.ifpr.edu.br/wiki/index.php/C%C3%B3digos_Digitais,pages\Códigos_Digitais.md
Cópias_de_Segurança,https://wiki.foz.ifpr.edu.br/wiki/index.php/C%C3%B3pias_de_Seguran%C3%A7a,pages\Cópias_de_Segurança.md
DNS,https://wiki.foz.ifpr.edu.br/wiki/index.php/DNS,pages\DNS.md
DataSource.groovy,https://wiki.foz.ifpr.edu.br/wiki/index.php/DataSource.groovy,pages\DataSource.groovy.md
Datagrama_IP,https://wiki.foz.ifpr.edu.br/wiki/index.php/Datagrama_IP,pages\Datagrama_IP.md
Debounce,https://wiki.foz.ifpr.edu.br/wiki/index.php/Debounce,pages\Debounce.md
Decodificadores_e_Multiplexadores,https://wiki.foz.ifpr.edu.br/wiki/index.php/Decodificadores_e_Multiplexadores,pages\Decodificadores_e_Multiplexadores.md
Densidade_Aparente,https://wiki.foz.ifpr.edu.br/wiki/index.php/Densidade_Aparente,pages\Densidade_Aparente.md
Densidade_da_água,https://wiki.foz.ifpr.edu.br/wiki/index.php/Densidade_da_%C3%A1gua,pages\Densidade_da_água.md
Densidade_dos_sólidos,https://wiki.foz.ifpr.edu.br/wiki/index.php/Densidade_dos_s%C3%B3lidos,pages\Densidade_dos_sólidos.md
Desenho_técnico,https://wiki.foz.ifpr.edu.br/wiki/index.php/Desenho_t%C3%A9cnico,pages\Desenho_técnico.md
Destorramento_de_solo,https://wiki.foz.ifpr.edu.br/wiki/index.php/Destorramento_de_solo,pages\Destorramento_de_solo.md
Diagrama_de_Modelo_Entidade_Relacionamento,https://wiki.foz.ifpr.edu.br/wiki/index.php/Diagrama_de_Modelo_Entidade_Relacionamento,pages\Diagrama_de_Modelo_Entidade_Relacionamento.md
Didática,https://wiki.foz.ifpr.edu.br/wiki/index.php/Did%C3%A1tica,pages\Didática.md
Diodos,https://wiki.foz.ifpr.edu.br/wiki/index.php/Diodos,pages\Diodos.md
Dispositivos_Lógicos_Programáveis,https://wiki.foz.ifpr.edu.br/wiki/index.php/Dispositivos_L%C3%B3gicos_Program%C3%A1veis,pages\Dispositivos_Lógicos_Programáveis.md
Dispositivos_Programaveis_I,https://wiki.foz.ifpr.edu.br/wiki/index.php/Dispositivos_Programaveis_I,pages\Dispositivos_Programaveis_I.md
Divisor_de_Tensao,https://wiki.foz.ifpr.edu.br/wiki/index.php/Divisor_de_Tensao,pages\Divisor_de_Tensao.md
Docker,https://wiki.foz.ifpr.edu.br/wiki/index.php/Docker,pages\Docker.md
EI_QUEM_É_VOCÊ???,https://wiki.foz.ifpr.edu.br/wiki/index.php/EI_QUEM_%C3%89_VOC%C3%8A%3F%3F%3F,pages\EI_QUEM_É_VOCÊ-.md
EM_BUSCA_DO_EMBLEMA,https://wiki.foz.ifpr.edu.br/wiki/index.php/EM_BUSCA_DO_EMBLEMA,pages\EM_BUSCA_DO_EMBLEMA.md
ESP32:_Laboratorios,https://wiki.foz.ifpr.edu.br/wiki/index.php/ESP32:_Laboratorios,pages\ESP32-_Laboratorios.md
ESP32_com_MicroPython,https://wiki.foz.ifpr.edu.br/wiki/index.php/ESP32_com_MicroPython,pages\ESP32_com_MicroPython.md
ESP8266:_Laboratorios,https://wiki.foz.ifpr.edu.br/wiki/index.php/ESP8266:_Laboratorios,pages\ESP8266-_Laboratorios.md
ESP8266:_MQTT,https://wiki.foz.ifpr.edu.br/wiki/index.php/ESP8266:_MQTT,pages\ESP8266-_MQTT.md
ESP8266_e_ESP32,https://wiki.foz.ifpr.edu.br/wiki/index.php/ESP8266_e_ESP32,pages\ESP8266_e_ESP32.md
EcoCharge,https://wiki.foz.ifpr.edu.br/wiki/index.php/EcoCharge,pages\EcoCharge.md
Ecologia_de_Fonte_Aberta,https://wiki.foz.ifpr.edu.br/wiki/index.php/Ecologia_de_Fonte_Aberta,pages\Ecologia_de_Fonte_Aberta.md
Editor_VI,https://wiki.foz.ifpr.edu.br/wiki/index.php/Editor_VI,pages\Editor_VI.md
Eficiencia_Energetica,https://wiki.foz.ifpr.edu.br/wiki/index.php/Eficiencia_Energetica,pages\Eficiencia_Energetica.md
Eletricidade_Basica,https://wiki.foz.ifpr.edu.br/wiki/index.php/Eletricidade_Basica,pages\Eletricidade_Basica.md
Eletricidade_e_Eletromagnetismo,https://wiki.foz.ifpr.edu.br/wiki/index.php/Eletricidade_e_Eletromagnetismo,pages\Eletricidade_e_Eletromagnetismo.md
Eletronica_Digital,https://wiki.foz.ifpr.edu.br/wiki/index.php/Eletronica_Digital,pages\Eletronica_Digital.md
Eletronica_de_Interface_com_o_Mundo_Fisico,https://wiki.foz.ifpr.edu.br/wiki/index.php/Eletronica_de_Interface_com_o_Mundo_Fisico,pages\Eletronica_de_Interface_com_o_Mundo_Fisico.md
Eletrotécnica_Predial,https://wiki.foz.ifpr.edu.br/wiki/index.php/Eletrot%C3%A9cnica_Predial,pages\Eletrotécnica_Predial.md
Enchanting_e_LeJOS,https://wiki.foz.ifpr.edu.br/wiki/index.php/Enchanting_e_LeJOS,pages\Enchanting_e_LeJOS.md
Enderecamento_IP,https://wiki.foz.ifpr.edu.br/wiki/index.php/Enderecamento_IP,pages\Enderecamento_IP.md
Engenharia_de_Aquicultura,https://wiki.foz.ifpr.edu.br/wiki/index.php/Engenharia_de_Aquicultura,pages\Engenharia_de_Aquicultura.md
Enlaces_ponto_a_ponto,https://wiki.foz.ifpr.edu.br/wiki/index.php/Enlaces_ponto_a_ponto,pages\Enlaces_ponto_a_ponto.md
Ensino_Pesquisa_Extensao,https://wiki.foz.ifpr.edu.br/wiki/index.php/Ensino_Pesquisa_Extensao,pages\Ensino_Pesquisa_Extensao.md
Ensino_e_Aprendizagem_de_Astronomia,https://wiki.foz.ifpr.edu.br/wiki/index.php/Ensino_e_Aprendizagem_de_Astronomia,pages\Ensino_e_Aprendizagem_de_Astronomia.md
Envio_de_arquivo_pela_internet_com_a_ferramenta_DROPBOX,https://wiki.foz.ifpr.edu.br/wiki/index.php/Envio_de_arquivo_pela_internet_com_a_ferramenta_DROPBOX,pages\Envio_de_arquivo_pela_internet_com_a_ferramenta_DROPBOX.md
"Erica,_Mariane,_Josiane","https://wiki.foz.ifpr.edu.br/wiki/index.php/Erica,_Mariane,_Josiane","pages\Erica,_Mariane,_Josiane.md"
Escalador,https://wiki.foz.ifpr.edu.br/wiki/index.php/Escalador,pages\Escalador.md
Espaço_Esportivo,https://wiki.foz.ifpr.edu.br/wiki/index.php/Espa%C3%A7o_Esportivo,pages\Espaço_Esportivo.md
Especializacao_em_Internet_das_Coisas_-_Curriculo_Turma_2021,https://wiki.foz.ifpr.edu.br/wiki/index.php/Especializacao_em_Internet_das_Coisas_-_Curriculo_Turma_2021,pages\Especializacao_em_Internet_das_Coisas_-_Curriculo_Turma_2021.md
Especializacao_em_Internet_das_Coisas_-_Curriculo_Turma_2023,https://wiki.foz.ifpr.edu.br/wiki/index.php/Especializacao_em_Internet_das_Coisas_-_Curriculo_Turma_2023,pages\Especializacao_em_Internet_das_Coisas_-_Curriculo_Turma_2023.md
Especializacao_em_Internet_das_Coisas_-_TCCs_Turma_2021,https://wiki.foz.ifpr.edu.br/wiki/index.php/Especializacao_em_Internet_das_Coisas_-_TCCs_Turma_2021,pages\Especializacao_em_Internet_das_Coisas_-_TCCs_Turma_2021.md
Especializacao_em_Internet_das_Coisas_-_TCCs_Turma_2023,https://wiki.foz.ifpr.edu.br/wiki/index.php/Especializacao_em_Internet_das_Coisas_-_TCCs_Turma_2023,pages\Especializacao_em_Internet_das_Coisas_-_TCCs_Turma_2023.md
Estacao_Meteorologica,https://wiki.foz.ifpr.edu.br/wiki/index.php/Estacao_Meteorologica,pages\Estacao_Meteorologica.md
Estagio_Supervisionado_III:_Estratégias_Didatico-Pedagógicas,https://wiki.foz.ifpr.edu.br/wiki/index.php/Estagio_Supervisionado_III:_Estrat%C3%A9gias_Didatico-Pedag%C3%B3gicas,pages\Estagio_Supervisionado_III-_Estratégias_Didatico-Pedagógicas.md
Estagio_Supervisionado_IV:_Prática_de_Ensino,https://wiki.foz.ifpr.edu.br/wiki/index.php/Estagio_Supervisionado_IV:_Pr%C3%A1tica_de_Ensino,pages\Estagio_Supervisionado_IV-_Prática_de_Ensino.md
Estagio_manutenção_servidores,https://wiki.foz.ifpr.edu.br/wiki/index.php/Estagio_manuten%C3%A7%C3%A3o_servidores,pages\Estagio_manutenção_servidores.md
Estação_Meteorológica,https://wiki.foz.ifpr.edu.br/wiki/index.php/Esta%C3%A7%C3%A3o_Meteorol%C3%B3gica,pages\Estação_Meteorológica.md
Estruturas_em_C,https://wiki.foz.ifpr.edu.br/wiki/index.php/Estruturas_em_C,pages\Estruturas_em_C.md
Estudos_sobre_Hidrometeorologia,https://wiki.foz.ifpr.edu.br/wiki/index.php/Estudos_sobre_Hidrometeorologia,pages\Estudos_sobre_Hidrometeorologia.md
Estudos_sobre_IoT,https://wiki.foz.ifpr.edu.br/wiki/index.php/Estudos_sobre_IoT,pages\Estudos_sobre_IoT.md
Estágio_Supervisionado_III_-_Semestre_2019-1,https://wiki.foz.ifpr.edu.br/wiki/index.php/Est%C3%A1gio_Supervisionado_III_-_Semestre_2019-1,pages\Estágio_Supervisionado_III_-_Semestre_2019-1.md
Eu_quero_meu_A_hoje,https://wiki.foz.ifpr.edu.br/wiki/index.php/Eu_quero_meu_A_hoje,pages\Eu_quero_meu_A_hoje.md
Eventos,https://wiki.foz.ifpr.edu.br/wiki/index.php/Eventos,pages\Eventos.md
Evolução_das_Ideias_da_Física,https://wiki.foz.ifpr.edu.br/wiki/index.php/Evolu%C3%A7%C3%A3o_das_Ideias_da_F%C3%ADsica,pages\Evolução_das_Ideias_da_Física.md
Evolução_das_ideias_da_Física_-_Semestre_2017-2,https://wiki.foz.ifpr.edu.br/wiki/index.php/Evolu%C3%A7%C3%A3o_das_ideias_da_F%C3%ADsica_-_Semestre_2017-2,pages\Evolução_das_ideias_da_Física_-_Semestre_2017-2.md
Evolução_das_ideias_da_Física_-_Semestre_2018-2,https://wiki.foz.ifpr.edu.br/wiki/index.php/Evolu%C3%A7%C3%A3o_das_ideias_da_F%C3%ADsica_-_Semestre_2018-2,pages\Evolução_das_ideias_da_Física_-_Semestre_2018-2.md
Exemplos_usando_shell_script,https://wiki.foz.ifpr.edu.br/wiki/index.php/Exemplos_usando_shell_script,pages\Exemplos_usando_shell_script.md
ExercicioWeb,https://wiki.foz.ifpr.edu.br/wiki/index.php/ExercicioWeb,pages\ExercicioWeb.md
Exercícios_sobre_Circuitos_Lógicos_-_LogiSim,https://wiki.foz.ifpr.edu.br/wiki/index.php/Exerc%C3%ADcios_sobre_Circuitos_L%C3%B3gicos_-_LogiSim,pages\Exercícios_sobre_Circuitos_Lógicos_-_LogiSim.md
Experimentos_de_baixo_custo,https://wiki.foz.ifpr.edu.br/wiki/index.php/Experimentos_de_baixo_custo,pages\Experimentos_de_baixo_custo.md
Exportar_Servidor_Virtual_para_máquina_acessível_na_Internet,https://wiki.foz.ifpr.edu.br/wiki/index.php/Exportar_Servidor_Virtual_para_m%C3%A1quina_acess%C3%ADvel_na_Internet,pages\Exportar_Servidor_Virtual_para_máquina_acessível_na_Internet.md
Extrusora_Recyclebot_v.2018,https://wiki.foz.ifpr.edu.br/wiki/index.php/Extrusora_Recyclebot_v.2018,pages\Extrusora_Recyclebot_v.2018.md
FLISoL_2016,https://wiki.foz.ifpr.edu.br/wiki/index.php/FLISoL_2016,pages\FLISoL_2016.md
FNP_2017.2,https://wiki.foz.ifpr.edu.br/wiki/index.php/FNP_2017.2,pages\FNP_2017.2.md
FTP,https://wiki.foz.ifpr.edu.br/wiki/index.php/FTP,pages\FTP.md
Ferramenta_Gamificada,https://wiki.foz.ifpr.edu.br/wiki/index.php/Ferramenta_Gamificada,pages\Ferramenta_Gamificada.md
Filas,https://wiki.foz.ifpr.edu.br/wiki/index.php/Filas,pages\Filas.md
Filosofia_da_Ciência,https://wiki.foz.ifpr.edu.br/wiki/index.php/Filosofia_da_Ci%C3%AAncia,pages\Filosofia_da_Ciência.md
Filosofia_da_Ciência_-_Semestre_2018-1,https://wiki.foz.ifpr.edu.br/wiki/index.php/Filosofia_da_Ci%C3%AAncia_-_Semestre_2018-1,pages\Filosofia_da_Ciência_-_Semestre_2018-1.md
Filosofia_da_Ciência_-_Semestre_2019-1,https://wiki.foz.ifpr.edu.br/wiki/index.php/Filosofia_da_Ci%C3%AAncia_-_Semestre_2019-1,pages\Filosofia_da_Ciência_-_Semestre_2019-1.md
Filtros_Eletricos,https://wiki.foz.ifpr.edu.br/wiki/index.php/Filtros_Eletricos,pages\Filtros_Eletricos.md
Firewall,https://wiki.foz.ifpr.edu.br/wiki/index.php/Firewall,pages\Firewall.md
Flip-Flops,https://wiki.foz.ifpr.edu.br/wiki/index.php/Flip-Flops,pages\Flip-Flops.md
Fluidos_e_Termodinâmica,https://wiki.foz.ifpr.edu.br/wiki/index.php/Fluidos_e_Termodin%C3%A2mica,pages\Fluidos_e_Termodinâmica.md
Formas_de_acesso_a_Internet,https://wiki.foz.ifpr.edu.br/wiki/index.php/Formas_de_acesso_a_Internet,pages\Formas_de_acesso_a_Internet.md
Fragmentacao_IPv4,https://wiki.foz.ifpr.edu.br/wiki/index.php/Fragmentacao_IPv4,pages\Fragmentacao_IPv4.md
Frequência_e_período_de_um_sinal_periódico,https://wiki.foz.ifpr.edu.br/wiki/index.php/Frequ%C3%AAncia_e_per%C3%ADodo_de_um_sinal_peri%C3%B3dico,pages\Frequência_e_período_de_um_sinal_periódico.md
Fundamentos_de_Geometria_e_Trigonometria,https://wiki.foz.ifpr.edu.br/wiki/index.php/Fundamentos_de_Geometria_e_Trigonometria,pages\Fundamentos_de_Geometria_e_Trigonometria.md
Fundamentos_e_Aplicações_da_Orientação_a_Objetos,https://wiki.foz.ifpr.edu.br/wiki/index.php/Fundamentos_e_Aplica%C3%A7%C3%B5es_da_Orienta%C3%A7%C3%A3o_a_Objetos,pages\Fundamentos_e_Aplicações_da_Orientação_a_Objetos.md
Fundamentos_e_Modelagem_de_Banco_de_Dados,https://wiki.foz.ifpr.edu.br/wiki/index.php/Fundamentos_e_Modelagem_de_Banco_de_Dados,pages\Fundamentos_e_Modelagem_de_Banco_de_Dados.md
"Funções,_parâmetros_e_retorno_de_valores_em_C","https://wiki.foz.ifpr.edu.br/wiki/index.php/Fun%C3%A7%C3%B5es,_par%C3%A2metros_e_retorno_de_valores_em_C","pages\Funções,_parâmetros_e_retorno_de_valores_em_C.md"
Funções_JavaScript,https://wiki.foz.ifpr.edu.br/wiki/index.php/Fun%C3%A7%C3%B5es_JavaScript,pages\Funções_JavaScript.md
Futebol_de_Mesa,https://wiki.foz.ifpr.edu.br/wiki/index.php/Futebol_de_Mesa,pages\Futebol_de_Mesa.md
Física,https://wiki.foz.ifpr.edu.br/wiki/index.php/F%C3%ADsica,pages\Física.md
Física_-DP,https://wiki.foz.ifpr.edu.br/wiki/index.php/F%C3%ADsica_-DP,pages\Física_-DP.md
Física_-_DP,https://wiki.foz.ifpr.edu.br/wiki/index.php/F%C3%ADsica_-_DP,pages\Física_-_DP.md
Física_-_Edi,https://wiki.foz.ifpr.edu.br/wiki/index.php/F%C3%ADsica_-_Edi,pages\Física_-_Edi.md
Física_Nuclear_e_de_Partículas,https://wiki.foz.ifpr.edu.br/wiki/index.php/F%C3%ADsica_Nuclear_e_de_Part%C3%ADculas,pages\Física_Nuclear_e_de_Partículas.md
Gateway_LoRa_WAN,https://wiki.foz.ifpr.edu.br/wiki/index.php/Gateway_LoRa_WAN,pages\Gateway_LoRa_WAN.md
Geometria_Analítica_e_Algebra_Linear,https://wiki.foz.ifpr.edu.br/wiki/index.php/Geometria_Anal%C3%ADtica_e_Algebra_Linear,pages\Geometria_Analítica_e_Algebra_Linear.md
Geometria_Analítica_e_Vetorial,https://wiki.foz.ifpr.edu.br/wiki/index.php/Geometria_Anal%C3%ADtica_e_Vetorial,pages\Geometria_Analítica_e_Vetorial.md
GeracaoTitulos,https://wiki.foz.ifpr.edu.br/wiki/index.php/GeracaoTitulos,pages\GeracaoTitulos.md
Gerenciador_de_banco_de_dados_MySQL,https://wiki.foz.ifpr.edu.br/wiki/index.php/Gerenciador_de_banco_de_dados_MySQL,pages\Gerenciador_de_banco_de_dados_MySQL.md
GestaoReunioes,https://wiki.foz.ifpr.edu.br/wiki/index.php/GestaoReunioes,pages\GestaoReunioes.md
GetElementById,https://wiki.foz.ifpr.edu.br/wiki/index.php/GetElementById,pages\GetElementById.md
GetElementByName,https://wiki.foz.ifpr.edu.br/wiki/index.php/GetElementByName,pages\GetElementByName.md
GetElementByTagName,https://wiki.foz.ifpr.edu.br/wiki/index.php/GetElementByTagName,pages\GetElementByTagName.md
Giborium,https://wiki.foz.ifpr.edu.br/wiki/index.php/Giborium,pages\Giborium.md
Graficos_com_Planilha_de_Calculo,https://wiki.foz.ifpr.edu.br/wiki/index.php/Graficos_com_Planilha_de_Calculo,pages\Graficos_com_Planilha_de_Calculo.md
Grails,https://wiki.foz.ifpr.edu.br/wiki/index.php/Grails,pages\Grails.md
Grau_de_saturação,https://wiki.foz.ifpr.edu.br/wiki/index.php/Grau_de_satura%C3%A7%C3%A3o,pages\Grau_de_saturação.md
Gráficos_com_Planilha_de_Cálculo,https://wiki.foz.ifpr.edu.br/wiki/index.php/Gr%C3%A1ficos_com_Planilha_de_C%C3%A1lculo,pages\Gráficos_com_Planilha_de_Cálculo.md
GuiaGuide,https://wiki.foz.ifpr.edu.br/wiki/index.php/GuiaGuide,pages\GuiaGuide.md
História_e_Filosofia_da_Educação,https://wiki.foz.ifpr.edu.br/wiki/index.php/Hist%C3%B3ria_e_Filosofia_da_Educa%C3%A7%C3%A3o,pages\História_e_Filosofia_da_Educação.md
Histórico_de_desenvolvimento,https://wiki.foz.ifpr.edu.br/wiki/index.php/Hist%C3%B3rico_de_desenvolvimento,pages\Histórico_de_desenvolvimento.md
Hover,https://wiki.foz.ifpr.edu.br/wiki/index.php/Hover,pages\Hover.md
MediaWiki,https://wiki.foz.ifpr.edu.br/wiki/index.php/Http://wiki.foz.ifpr.edu.br/wiki/index.php/MediaWiki,pages\MediaWiki.md
IEEE_802.15.4,https://wiki.foz.ifpr.edu.br/wiki/index.php/IEEE_802.15.4,pages\IEEE_802.15.4.md
IF_Things,https://wiki.foz.ifpr.edu.br/wiki/index.php/IF_Things,pages\IF_Things.md
IF_Things_–_Pesquisa_e_Desenvolvimento_de_aplicações_para_Internet_das_Coisas,https://wiki.foz.ifpr.edu.br/wiki/index.php/IF_Things_%E2%80%93_Pesquisa_e_Desenvolvimento_de_aplica%C3%A7%C3%B5es_para_Internet_das_Coisas,pages\IF_Things_–_Pesquisa_e_Desenvolvimento_de_aplicações_para_Internet_das_Coisas.md
INSCRIÇÃO_X1,https://wiki.foz.ifpr.edu.br/wiki/index.php/INSCRI%C3%87%C3%83O_X1,pages\INSCRIÇÃO_X1.md
INSCRIÇÃO_X5,https://wiki.foz.ifpr.edu.br/wiki/index.php/INSCRI%C3%87%C3%83O_X5,pages\INSCRIÇÃO_X5.md
IPv6,https://wiki.foz.ifpr.edu.br/wiki/index.php/IPv6,pages\IPv6.md
Impressora_3D,https://wiki.foz.ifpr.edu.br/wiki/index.php/Impressora_3D,pages\Impressora_3D.md
Impressora_3D_Hypercube,https://wiki.foz.ifpr.edu.br/wiki/index.php/Impressora_3D_Hypercube,pages\Impressora_3D_Hypercube.md
Indice_de_vazios,https://wiki.foz.ifpr.edu.br/wiki/index.php/Indice_de_vazios,pages\Indice_de_vazios.md
Indutores,https://wiki.foz.ifpr.edu.br/wiki/index.php/Indutores,pages\Indutores.md
Informatica_Aplicada_ao_Ensino_de_Fisica,https://wiki.foz.ifpr.edu.br/wiki/index.php/Informatica_Aplicada_ao_Ensino_de_Fisica,pages\Informatica_Aplicada_ao_Ensino_de_Fisica.md
Informática_Aplicada_ao_Ensino_de_Física,https://wiki.foz.ifpr.edu.br/wiki/index.php/Inform%C3%A1tica_Aplicada_ao_Ensino_de_F%C3%ADsica,pages\Informática_Aplicada_ao_Ensino_de_Física.md
Informática_Aplicada_ao_Ensino_de_Física:_2014-2,https://wiki.foz.ifpr.edu.br/wiki/index.php/Inform%C3%A1tica_Aplicada_ao_Ensino_de_F%C3%ADsica:_2014-2,pages\Informática_Aplicada_ao_Ensino_de_Física-_2014-2.md
Informática_Aplicada_ao_Ensino_de_Física:_2015-2,https://wiki.foz.ifpr.edu.br/wiki/index.php/Inform%C3%A1tica_Aplicada_ao_Ensino_de_F%C3%ADsica:_2015-2,pages\Informática_Aplicada_ao_Ensino_de_Física-_2015-2.md
Informática_Aplicada_ao_Ensino_de_Física:_2016-2,https://wiki.foz.ifpr.edu.br/wiki/index.php/Inform%C3%A1tica_Aplicada_ao_Ensino_de_F%C3%ADsica:_2016-2,pages\Informática_Aplicada_ao_Ensino_de_Física-_2016-2.md
Informática_Aplicada_ao_Ensino_de_Física:_2017-2,https://wiki.foz.ifpr.edu.br/wiki/index.php/Inform%C3%A1tica_Aplicada_ao_Ensino_de_F%C3%ADsica:_2017-2,pages\Informática_Aplicada_ao_Ensino_de_Física-_2017-2.md
Informática_Aplicada_ao_Ensino_de_Física:_2018-2,https://wiki.foz.ifpr.edu.br/wiki/index.php/Inform%C3%A1tica_Aplicada_ao_Ensino_de_F%C3%ADsica:_2018-2,pages\Informática_Aplicada_ao_Ensino_de_Física-_2018-2.md
Informática_Aplicada_ao_Ensino_de_Física:_2019-2,https://wiki.foz.ifpr.edu.br/wiki/index.php/Inform%C3%A1tica_Aplicada_ao_Ensino_de_F%C3%ADsica:_2019-2,pages\Informática_Aplicada_ao_Ensino_de_Física-_2019-2.md
Informática_Instrumental_-_Cozinha,https://wiki.foz.ifpr.edu.br/wiki/index.php/Inform%C3%A1tica_Instrumental_-_Cozinha,pages\Informática_Instrumental_-_Cozinha.md
Informática_Instrumental_-_Cozinha:_Ano_Letivo_2014,https://wiki.foz.ifpr.edu.br/wiki/index.php/Inform%C3%A1tica_Instrumental_-_Cozinha:_Ano_Letivo_2014,pages\Informática_Instrumental_-_Cozinha-_Ano_Letivo_2014.md
Informática_Instrumental_-_Cozinha_2014-1,https://wiki.foz.ifpr.edu.br/wiki/index.php/Inform%C3%A1tica_Instrumental_-_Cozinha_2014-1,pages\Informática_Instrumental_-_Cozinha_2014-1.md
Informática_Instrumental_-_Cozinha_2015-1,https://wiki.foz.ifpr.edu.br/wiki/index.php/Inform%C3%A1tica_Instrumental_-_Cozinha_2015-1,pages\Informática_Instrumental_-_Cozinha_2015-1.md
Informática_instrumental_e_Introdução_a_Computação_-_Turma_Mista,https://wiki.foz.ifpr.edu.br/wiki/index.php/Inform%C3%A1tica_instrumental_e_Introdu%C3%A7%C3%A3o_a_Computa%C3%A7%C3%A3o_-_Turma_Mista,pages\Informática_instrumental_e_Introdução_a_Computação_-_Turma_Mista.md
Instalacao_de_instancias_Ubuntu_com_Multipass,https://wiki.foz.ifpr.edu.br/wiki/index.php/Instalacao_de_instancias_Ubuntu_com_Multipass,pages\Instalacao_de_instancias_Ubuntu_com_Multipass.md
Instalacao_de_pacotes_em_um_Servidor_Linux,https://wiki.foz.ifpr.edu.br/wiki/index.php/Instalacao_de_pacotes_em_um_Servidor_Linux,pages\Instalacao_de_pacotes_em_um_Servidor_Linux.md
Instalacao_e_Configuracao_de_um_Servidor_Linux_no_VirtualBox,https://wiki.foz.ifpr.edu.br/wiki/index.php/Instalacao_e_Configuracao_de_um_Servidor_Linux_no_VirtualBox,pages\Instalacao_e_Configuracao_de_um_Servidor_Linux_no_VirtualBox.md
Instalações_Elétricas,https://wiki.foz.ifpr.edu.br/wiki/index.php/Instala%C3%A7%C3%B5es_El%C3%A9tricas,pages\Instalações_Elétricas.md
Instalações_Elétricas_2015,https://wiki.foz.ifpr.edu.br/wiki/index.php/Instala%C3%A7%C3%B5es_El%C3%A9tricas_2015,pages\Instalações_Elétricas_2015.md
Internet_das_Coisas_do_exagero_a_realidade,https://wiki.foz.ifpr.edu.br/wiki/index.php/Internet_das_Coisas_do_exagero_a_realidade,pages\Internet_das_Coisas_do_exagero_a_realidade.md
Internet_das_Coisas_em_cinco_dias,https://wiki.foz.ifpr.edu.br/wiki/index.php/Internet_das_Coisas_em_cinco_dias,pages\Internet_das_Coisas_em_cinco_dias.md
Internet_das_Coisas_sem_mistério,https://wiki.foz.ifpr.edu.br/wiki/index.php/Internet_das_Coisas_sem_mist%C3%A9rio,pages\Internet_das_Coisas_sem_mistério.md
Internet_of_Things_From_Hype_to_Reality,https://wiki.foz.ifpr.edu.br/wiki/index.php/Internet_of_Things_From_Hype_to_Reality,pages\Internet_of_Things_From_Hype_to_Reality.md
Introducao_a_Administracao_de_Servidores,https://wiki.foz.ifpr.edu.br/wiki/index.php/Introducao_a_Administracao_de_Servidores,pages\Introducao_a_Administracao_de_Servidores.md
Introdução_a_Computação_2014,https://wiki.foz.ifpr.edu.br/wiki/index.php/Introdu%C3%A7%C3%A3o_a_Computa%C3%A7%C3%A3o_2014,pages\Introdução_a_Computação_2014.md
Introdução_a_Computação_2015,https://wiki.foz.ifpr.edu.br/wiki/index.php/Introdu%C3%A7%C3%A3o_a_Computa%C3%A7%C3%A3o_2015,pages\Introdução_a_Computação_2015.md
Introdução_a_Computação_2016,https://wiki.foz.ifpr.edu.br/wiki/index.php/Introdu%C3%A7%C3%A3o_a_Computa%C3%A7%C3%A3o_2016,pages\Introdução_a_Computação_2016.md
Introdução_a_Computação_2017,https://wiki.foz.ifpr.edu.br/wiki/index.php/Introdu%C3%A7%C3%A3o_a_Computa%C3%A7%C3%A3o_2017,pages\Introdução_a_Computação_2017.md
Introdução_a_Computação_2018,https://wiki.foz.ifpr.edu.br/wiki/index.php/Introdu%C3%A7%C3%A3o_a_Computa%C3%A7%C3%A3o_2018,pages\Introdução_a_Computação_2018.md
Introdução_a_Estruturas_de_Dados,https://wiki.foz.ifpr.edu.br/wiki/index.php/Introdu%C3%A7%C3%A3o_a_Estruturas_de_Dados,pages\Introdução_a_Estruturas_de_Dados.md
Introdução_ao_Desenvolvimento_Web,https://wiki.foz.ifpr.edu.br/wiki/index.php/Introdu%C3%A7%C3%A3o_ao_Desenvolvimento_Web,pages\Introdução_ao_Desenvolvimento_Web.md
Introdução_e_Ambientação_a_Cozinha,https://wiki.foz.ifpr.edu.br/wiki/index.php/Introdu%C3%A7%C3%A3o_e_Ambienta%C3%A7%C3%A3o_a_Cozinha,pages\Introdução_e_Ambientação_a_Cozinha.md
Introdução_à_Física_Experimental,https://wiki.foz.ifpr.edu.br/wiki/index.php/Introdu%C3%A7%C3%A3o_%C3%A0_F%C3%ADsica_Experimental,pages\Introdução_à_Física_Experimental.md
Introdução_à_Física_Experimental_-_Semestre_2014-1,https://wiki.foz.ifpr.edu.br/wiki/index.php/Introdu%C3%A7%C3%A3o_%C3%A0_F%C3%ADsica_Experimental_-_Semestre_2014-1,pages\Introdução_à_Física_Experimental_-_Semestre_2014-1.md
Introdução_à_Física_Experimental_-_Semestre_2015-1,https://wiki.foz.ifpr.edu.br/wiki/index.php/Introdu%C3%A7%C3%A3o_%C3%A0_F%C3%ADsica_Experimental_-_Semestre_2015-1,pages\Introdução_à_Física_Experimental_-_Semestre_2015-1.md
Introdução_à_Física_Experimental_-_Semestre_2016-1,https://wiki.foz.ifpr.edu.br/wiki/index.php/Introdu%C3%A7%C3%A3o_%C3%A0_F%C3%ADsica_Experimental_-_Semestre_2016-1,pages\Introdução_à_Física_Experimental_-_Semestre_2016-1.md
Introdução_à_Física_Experimental_-_Semestre_2017-1,https://wiki.foz.ifpr.edu.br/wiki/index.php/Introdu%C3%A7%C3%A3o_%C3%A0_F%C3%ADsica_Experimental_-_Semestre_2017-1,pages\Introdução_à_Física_Experimental_-_Semestre_2017-1.md
Introdução_à_Física_Experimental_-_Semestre_2018-1,https://wiki.foz.ifpr.edu.br/wiki/index.php/Introdu%C3%A7%C3%A3o_%C3%A0_F%C3%ADsica_Experimental_-_Semestre_2018-1,pages\Introdução_à_Física_Experimental_-_Semestre_2018-1.md
Introdução_à_Física_Experimental_-_Semestre_2019-1,https://wiki.foz.ifpr.edu.br/wiki/index.php/Introdu%C3%A7%C3%A3o_%C3%A0_F%C3%ADsica_Experimental_-_Semestre_2019-1,pages\Introdução_à_Física_Experimental_-_Semestre_2019-1.md
Introdução_à_construção_civil,https://wiki.foz.ifpr.edu.br/wiki/index.php/Introdu%C3%A7%C3%A3o_%C3%A0_constru%C3%A7%C3%A3o_civil,pages\Introdução_à_construção_civil.md
IoT,https://wiki.foz.ifpr.edu.br/wiki/index.php/IoT,pages\IoT.md
JQuery,https://wiki.foz.ifpr.edu.br/wiki/index.php/JQuery,pages\JQuery.md
Java_server_pages,https://wiki.foz.ifpr.edu.br/wiki/index.php/Java_server_pages,pages\Java_server_pages.md
Javascript,https://wiki.foz.ifpr.edu.br/wiki/index.php/Javascript,pages\Javascript.md
KICAD,https://wiki.foz.ifpr.edu.br/wiki/index.php/KICAD,pages\KICAD.md
Kathara,https://wiki.foz.ifpr.edu.br/wiki/index.php/Kathara,pages\Kathara.md
Kathara:_Protocolo_ARP,https://wiki.foz.ifpr.edu.br/wiki/index.php/Kathara:_Protocolo_ARP,pages\Kathara-_Protocolo_ARP.md
Kathara:_Roteamento,https://wiki.foz.ifpr.edu.br/wiki/index.php/Kathara:_Roteamento,pages\Kathara-_Roteamento.md
Kathara:_Servidor_Web,https://wiki.foz.ifpr.edu.br/wiki/index.php/Kathara:_Servidor_Web,pages\Kathara-_Servidor_Web.md
LOGS,https://wiki.foz.ifpr.edu.br/wiki/index.php/LOGS,pages\LOGS.md
Lab._EM_-_2016,https://wiki.foz.ifpr.edu.br/wiki/index.php/Lab._EM_-_2016,pages\Lab._EM_-_2016.md
Lab._EM_-_2017.1,https://wiki.foz.ifpr.edu.br/wiki/index.php/Lab._EM_-_2017.1,pages\Lab._EM_-_2017.1.md
Lab._EM_2018.1,https://wiki.foz.ifpr.edu.br/wiki/index.php/Lab._EM_2018.1,pages\Lab._EM_2018.1.md
LabMaker,https://wiki.foz.ifpr.edu.br/wiki/index.php/LabMaker,pages\LabMaker.md
Laboratorio:_Amplificador_a_Transistor_Emissor_Comum,https://wiki.foz.ifpr.edu.br/wiki/index.php/Laboratorio:_Amplificador_a_Transistor_Emissor_Comum,pages\Laboratorio-_Amplificador_a_Transistor_Emissor_Comum.md
Laboratorio:_Amplificadores_Operacionais,https://wiki.foz.ifpr.edu.br/wiki/index.php/Laboratorio:_Amplificadores_Operacionais,pages\Laboratorio-_Amplificadores_Operacionais.md
Laboratorio:_Capacitores_e_Circuitos_RC,https://wiki.foz.ifpr.edu.br/wiki/index.php/Laboratorio:_Capacitores_e_Circuitos_RC,pages\Laboratorio-_Capacitores_e_Circuitos_RC.md
Laboratorio:_Captura_de_pacotes_HTTP,https://wiki.foz.ifpr.edu.br/wiki/index.php/Laboratorio:_Captura_de_pacotes_HTTP,pages\Laboratorio-_Captura_de_pacotes_HTTP.md
Laboratorio:_Diodos_e_Leds,https://wiki.foz.ifpr.edu.br/wiki/index.php/Laboratorio:_Diodos_e_Leds,pages\Laboratorio-_Diodos_e_Leds.md
Laboratorio:_Filtros_Eletricos,https://wiki.foz.ifpr.edu.br/wiki/index.php/Laboratorio:_Filtros_Eletricos,pages\Laboratorio-_Filtros_Eletricos.md
Laboratorio:_Projeto_de_relogio_digital,https://wiki.foz.ifpr.edu.br/wiki/index.php/Laboratorio:_Projeto_de_relogio_digital,pages\Laboratorio-_Projeto_de_relogio_digital.md
Laboratorio:_Resistores_e_Divisores_de_Tensao,https://wiki.foz.ifpr.edu.br/wiki/index.php/Laboratorio:_Resistores_e_Divisores_de_Tensao,pages\Laboratorio-_Resistores_e_Divisores_de_Tensao.md
Laboratorio:_Transistor_como_Chave_Eletronica,https://wiki.foz.ifpr.edu.br/wiki/index.php/Laboratorio:_Transistor_como_Chave_Eletronica,pages\Laboratorio-_Transistor_como_Chave_Eletronica.md
Laboratorio_M1K_Analog_Devices:_Amplificador_a_Transistor_Emissor_Comum,https://wiki.foz.ifpr.edu.br/wiki/index.php/Laboratorio_M1K_Analog_Devices:_Amplificador_a_Transistor_Emissor_Comum,pages\Laboratorio_M1K_Analog_Devices-_Amplificador_a_Transistor_Emissor_Comum.md
Laboratorio_M1K_Analog_Devices:_Amplificadores_Operacionais,https://wiki.foz.ifpr.edu.br/wiki/index.php/Laboratorio_M1K_Analog_Devices:_Amplificadores_Operacionais,pages\Laboratorio_M1K_Analog_Devices-_Amplificadores_Operacionais.md
Laboratorio_M1K_Analog_Devices:_Capacitores_e_Circuitos_RC,https://wiki.foz.ifpr.edu.br/wiki/index.php/Laboratorio_M1K_Analog_Devices:_Capacitores_e_Circuitos_RC,pages\Laboratorio_M1K_Analog_Devices-_Capacitores_e_Circuitos_RC.md
Laboratorio_M1K_Analog_Devices:_Detector_de_luz_infravermelho,https://wiki.foz.ifpr.edu.br/wiki/index.php/Laboratorio_M1K_Analog_Devices:_Detector_de_luz_infravermelho,pages\Laboratorio_M1K_Analog_Devices-_Detector_de_luz_infravermelho.md
Laboratorio_M1K_Analog_Devices:_Diodos_e_Leds,https://wiki.foz.ifpr.edu.br/wiki/index.php/Laboratorio_M1K_Analog_Devices:_Diodos_e_Leds,pages\Laboratorio_M1K_Analog_Devices-_Diodos_e_Leds.md
Laboratorio_M1K_Analog_Devices:_Filtros_Eletricos,https://wiki.foz.ifpr.edu.br/wiki/index.php/Laboratorio_M1K_Analog_Devices:_Filtros_Eletricos,pages\Laboratorio_M1K_Analog_Devices-_Filtros_Eletricos.md
Laboratorio_M1K_Analog_Devices:_Filtros_Elétricos,https://wiki.foz.ifpr.edu.br/wiki/index.php/Laboratorio_M1K_Analog_Devices:_Filtros_El%C3%A9tricos,pages\Laboratorio_M1K_Analog_Devices-_Filtros_Elétricos.md
Laboratorio_M1K_Analog_Devices:_Resistores_e_Divisores_de_Tensão,https://wiki.foz.ifpr.edu.br/wiki/index.php/Laboratorio_M1K_Analog_Devices:_Resistores_e_Divisores_de_Tens%C3%A3o,pages\Laboratorio_M1K_Analog_Devices-_Resistores_e_Divisores_de_Tensão.md
Laboratorio_M1K_Analog_Devices:_Transistor_como_Chave_Eletrônica,https://wiki.foz.ifpr.edu.br/wiki/index.php/Laboratorio_M1K_Analog_Devices:_Transistor_como_Chave_Eletr%C3%B4nica,pages\Laboratorio_M1K_Analog_Devices-_Transistor_como_Chave_Eletrônica.md
Laboratorio_M1K_Analog_Devices:_Transistores,https://wiki.foz.ifpr.edu.br/wiki/index.php/Laboratorio_M1K_Analog_Devices:_Transistores,pages\Laboratorio_M1K_Analog_Devices-_Transistores.md
Laboratorios_sobre_Eletronica,https://wiki.foz.ifpr.edu.br/wiki/index.php/Laboratorios_sobre_Eletronica,pages\Laboratorios_sobre_Eletronica.md
Laboratório:_Aplicação_Web_e_Acesso_Remoto,https://wiki.foz.ifpr.edu.br/wiki/index.php/Laborat%C3%B3rio:_Aplica%C3%A7%C3%A3o_Web_e_Acesso_Remoto,pages\Laboratório-_Aplicação_Web_e_Acesso_Remoto.md
Laboratório:_Avaliação_Prática_de_Redes,https://wiki.foz.ifpr.edu.br/wiki/index.php/Laborat%C3%B3rio:_Avalia%C3%A7%C3%A3o_Pr%C3%A1tica_de_Redes,pages\Laboratório-_Avaliação_Prática_de_Redes.md
Laboratório:_Cabeamento_de_rede,https://wiki.foz.ifpr.edu.br/wiki/index.php/Laborat%C3%B3rio:_Cabeamento_de_rede,pages\Laboratório-_Cabeamento_de_rede.md
Laboratório:_Capacitores_e_Circuitos_RC,https://wiki.foz.ifpr.edu.br/wiki/index.php/Laborat%C3%B3rio:_Capacitores_e_Circuitos_RC,pages\Laboratório-_Capacitores_e_Circuitos_RC.md
Laboratório:_Captura_de_pacotes_HTTP,https://wiki.foz.ifpr.edu.br/wiki/index.php/Laborat%C3%B3rio:_Captura_de_pacotes_HTTP,pages\Laboratório-_Captura_de_pacotes_HTTP.md
Laboratório:_Captura_de_pacotes_ICMP,https://wiki.foz.ifpr.edu.br/wiki/index.php/Laborat%C3%B3rio:_Captura_de_pacotes_ICMP,pages\Laboratório-_Captura_de_pacotes_ICMP.md
Laboratório:_Captura_de_pacotes_TCP,https://wiki.foz.ifpr.edu.br/wiki/index.php/Laborat%C3%B3rio:_Captura_de_pacotes_TCP,pages\Laboratório-_Captura_de_pacotes_TCP.md
Laboratório:_Classes_de_Endereçamento,https://wiki.foz.ifpr.edu.br/wiki/index.php/Laborat%C3%B3rio:_Classes_de_Endere%C3%A7amento,pages\Laboratório-_Classes_de_Endereçamento.md
Laboratório:_Comparativo_TCP_e_UDP_utilizando_nc_e_tcpdump,https://wiki.foz.ifpr.edu.br/wiki/index.php/Laborat%C3%B3rio:_Comparativo_TCP_e_UDP_utilizando_nc_e_tcpdump,pages\Laboratório-_Comparativo_TCP_e_UDP_utilizando_nc_e_tcpdump.md
Laboratório:_Comparativo_TCP_e_UDP_utilizando_nc_e_wireshark,https://wiki.foz.ifpr.edu.br/wiki/index.php/Laborat%C3%B3rio:_Comparativo_TCP_e_UDP_utilizando_nc_e_wireshark,pages\Laboratório-_Comparativo_TCP_e_UDP_utilizando_nc_e_wireshark.md
Laboratório:_Comunicação_Serial_com_Arduíno,https://wiki.foz.ifpr.edu.br/wiki/index.php/Laborat%C3%B3rio:_Comunica%C3%A7%C3%A3o_Serial_com_Ardu%C3%ADno,pages\Laboratório-_Comunicação_Serial_com_Arduíno.md
Laboratório:_Core_Network_-_Divisão_em_Sub-Redes,https://wiki.foz.ifpr.edu.br/wiki/index.php/Laborat%C3%B3rio:_Core_Network_-_Divis%C3%A3o_em_Sub-Redes,pages\Laboratório-_Core_Network_-_Divisão_em_Sub-Redes.md
Laboratório:_Core_Network_-_Redes_Sem_Fio,https://wiki.foz.ifpr.edu.br/wiki/index.php/Laborat%C3%B3rio:_Core_Network_-_Redes_Sem_Fio,pages\Laboratório-_Core_Network_-_Redes_Sem_Fio.md
Laboratório:_Core_Network_-_Roteamento_Dinâmico,https://wiki.foz.ifpr.edu.br/wiki/index.php/Laborat%C3%B3rio:_Core_Network_-_Roteamento_Din%C3%A2mico,pages\Laboratório-_Core_Network_-_Roteamento_Dinâmico.md
Laboratório:_Gráficos_do_Fluxo_de_Dados_TCP,https://wiki.foz.ifpr.edu.br/wiki/index.php/Laborat%C3%B3rio:_Gr%C3%A1ficos_do_Fluxo_de_Dados_TCP,pages\Laboratório-_Gráficos_do_Fluxo_de_Dados_TCP.md
Laboratório:_IPkit_-_Divisão_em_Sub-Redes,https://wiki.foz.ifpr.edu.br/wiki/index.php/Laborat%C3%B3rio:_IPkit_-_Divis%C3%A3o_em_Sub-Redes,pages\Laboratório-_IPkit_-_Divisão_em_Sub-Redes.md
Laboratório:_Introdução_a_Programação_Scratch,https://wiki.foz.ifpr.edu.br/wiki/index.php/Laborat%C3%B3rio:_Introdu%C3%A7%C3%A3o_a_Programa%C3%A7%C3%A3o_Scratch,pages\Laboratório-_Introdução_a_Programação_Scratch.md
Laboratório:_Máscaras_de_rede,https://wiki.foz.ifpr.edu.br/wiki/index.php/Laborat%C3%B3rio:_M%C3%A1scaras_de_rede,pages\Laboratório-_Máscaras_de_rede.md
Laboratório:_NetKit_DHCP_e_NAT,https://wiki.foz.ifpr.edu.br/wiki/index.php/Laborat%C3%B3rio:_NetKit_DHCP_e_NAT,pages\Laboratório-_NetKit_DHCP_e_NAT.md
Laboratório:_NetKit_DNS,https://wiki.foz.ifpr.edu.br/wiki/index.php/Laborat%C3%B3rio:_NetKit_DNS,pages\Laboratório-_NetKit_DNS.md
Laboratório:_NetKit_Roteamento,https://wiki.foz.ifpr.edu.br/wiki/index.php/Laborat%C3%B3rio:_NetKit_Roteamento,pages\Laboratório-_NetKit_Roteamento.md
Laboratório:_Ping_no_endereço_de_difusão,https://wiki.foz.ifpr.edu.br/wiki/index.php/Laborat%C3%B3rio:_Ping_no_endere%C3%A7o_de_difus%C3%A3o,pages\Laboratório-_Ping_no_endereço_de_difusão.md
Laboratório:_Programação_Scratch_e_Equações_do_Movimento,https://wiki.foz.ifpr.edu.br/wiki/index.php/Laborat%C3%B3rio:_Programa%C3%A7%C3%A3o_Scratch_e_Equa%C3%A7%C3%B5es_do_Movimento,pages\Laboratório-_Programação_Scratch_e_Equações_do_Movimento.md
Laboratório:_Projeto_de_relógio_digital,https://wiki.foz.ifpr.edu.br/wiki/index.php/Laborat%C3%B3rio:_Projeto_de_rel%C3%B3gio_digital,pages\Laboratório-_Projeto_de_relógio_digital.md
Laboratório:_Projeto_de_um_sistema_de_atendimento_em_um_banco,https://wiki.foz.ifpr.edu.br/wiki/index.php/Laborat%C3%B3rio:_Projeto_de_um_sistema_de_atendimento_em_um_banco,pages\Laboratório-_Projeto_de_um_sistema_de_atendimento_em_um_banco.md
Laboratório:_Protocolo_ARP,https://wiki.foz.ifpr.edu.br/wiki/index.php/Laborat%C3%B3rio:_Protocolo_ARP,pages\Laboratório-_Protocolo_ARP.md
Laboratório:_Redes_locais_cabeadas,https://wiki.foz.ifpr.edu.br/wiki/index.php/Laborat%C3%B3rio:_Redes_locais_cabeadas,pages\Laboratório-_Redes_locais_cabeadas.md
